target_shift1,date,close,close_mv10,close_mv20,close_mv5,dayofmonth_freq_cos,dayofmonth_freq_sin,fast_d,fast_k,fore,fore_mv10,fore_mv20,fore_mv5,inst,inst_mv10,inst_mv20,inst_mv5,kospi,kospi_mv10,kospi_mv20,kospi_mv5,mfi,mfi_signal,obv,obv_ema,trading_amount,trading_amount_mv10,trading_amount_mv20,trading_amount_mv5,volume,volume_mv10,volume_mv20,volume_mv5,weekday,weeknum
24700.0,2021-01-04,26100.0,20540.0,18900.0,22060.0,-0.7266603220339333,0.6869969260350008,84.50127808971948,88.3177570093458,45268.0,-1321.0,688.8,10938.0,-134875.0,-7749.9,-2518.8,-32481.8,2944.0,2830.1,2794.25,2876.8,75.92053815209758,buy,15125607.0,6138912.225293694,119911621500.0,44739801180.0,28688618437.5,49824919680.0,4594315.0,2118821.5,1421652.2,2149142.0,0,1
26000.0,2021-01-05,24700.0,21225.0,19300.0,22820.0,-0.8613126282322195,0.5080753452468506,81.35715378658608,75.11737089201877,-15969.0,6459.9,2531.65,6389.6,-177444.0,-25212.1,-12199.8,-69533.0,2991.0,2855.8,2808.75,2910.8,82.27175882932815,buy,12659154.0,6667855.189252621,60921389100.0,46930285305.0,31283687692.5,49856733660.0,2466453.0,2146886.7,1517968.85,2060975.0,1,1
25250.0,2021-01-06,26000.0,21905.0,19717.5,23800.0,-0.9527751227229875,0.3036767451093285,78.09202812403755,71.59533073929961,-32858.0,1408.0,-5367.55,-358.6,-73743.0,-38337.1,-18624.5,-81925.2,2968.0,2876.6,2819.4,2929.8,72.19675215295675,buy,20330522.0,7760419.909780682,199455568000.0,60343274425.0,39202839172.5,85184470080.0,7671368.0,2573785.6,1785184.45,3378974.8,2,1
23100.0,2021-01-07,25250.0,22495.0,20107.5,24630.0,-0.9964614941176245,0.08405052492918362,73.88180272616032,65.49019607843137,23838.0,3325.0,270.0,4232.4,-57074.0,-45631.8,-19858.3,-90983.6,3032.0,2899.1,2833.7,2961.6,80.45702092652995,buy,18265516.0,8589456.060670432,52141401500.0,61744288095.0,41184381715.0,91049373200.0,2065006.0,2583225.4,1852587.9,3575702.2,3,1
21100.0,2021-01-08,23100.0,22870.0,20387.5,25030.0,-0.9901811253364696,-0.13979033953532904,64.37895653753101,45.416666666666664,77070.0,10565.2,4267.3,19469.8,-29516.0,-50170.7,-20614.95,-94530.4,3152.0,2933.6,2852.8,3017.4,74.37225651522597,buy,16596924.0,9213737.604408983,38544475200.0,61785609135.0,42202628350.0,94194891060.0,1668592.0,2553023.8,1884075.95,3693146.8,4,2
20550.0,2021-01-11,21100.0,23045.0,20585.0,24030.0,-0.6869969260348808,-0.7266603220340467,52.39109811923771,28.451882845188287,153122.0,25989.3,12110.6,41040.6,-193907.0,-69409.3,-30254.25,-106336.8,3148.0,2967.5,2872.1,3058.2,69.15383178171892,buy,14796799.0,9644144.786014335,37982637500.0,63817006970.0,43639638897.5,77809094260.0,1800125.0,2641725.4,1947136.35,3134308.8,0,2
21000.0,2021-01-12,20550.0,23010.0,20767.5,23200.0,-0.5080753452467083,-0.8613126282323035,40.29555851249453,16.129032258064516,-40880.0,21224.0,10054.15,36058.4,-31472.0,-73337.7,-31826.65,-77142.4,3126.0,2998.0,2890.55,3085.2,62.7831421714911,buy,13869320.0,9966509.702736039,19059693450.0,59646744395.0,44313249670.0,69436755130.0,927479.0,2443744.5,1976979.3,2826514.0,1,2
19750.0,2021-01-13,21000.0,23000.0,20972.5,22200.0,-0.30367674510917114,-0.9527751227230377,33.61952672914383,20.276497695852534,-8042.0,20331.5,9512.3,41021.6,-257.0,-72185.2,-31563.35,-62445.2,3148.0,3025.5,2909.35,3121.2,64.44805929225643,buy,14424259.0,10303375.277394118,11653719000.0,58530427705.0,44737951885.0,31876385330.0,554939.0,2391101.5,1995378.1,1403228.2,2,2
19150.0,2021-01-14,19750.0,22865.0,21105.0,21100.0,-0.08405052492901906,-0.9964614941176384,24.902608230217496,7.476635514018691,44505.0,24693.7,11112.9,45155.0,-76372.0,-78644.2,-35288.7,-66304.8,3150.0,3053.2,2928.35,3144.8,61.386725363624905,buy,13528632.0,10544952.706342315,17688633250.0,58017602440.0,45253883677.5,24985831680.0,895627.0,2372527.3,2018609.75,1169352.4,3,2
18300.0,2021-01-15,19150.0,22670.0,21200.0,20310.0,0.13979033953549258,-0.9901811253364465,17.37542352514889,2.3255813953488373,76587.0,32264.1,15138.35,45058.4,-19671.0,-79433.1,-36409.35,-64335.8,3086.0,3074.5,2944.05,3131.6,63.96632157767737,buy,12977855.0,10725692.97381381,10547379550.0,56790651805.0,45566325417.5,19386412550.0,550777.0,2319468.1,2033689.05,945789.4,4,3
18950.0,2021-01-18,18300.0,21890.0,21215.0,19750.0,0.7266603220341602,-0.6869969260347608,12.017682191518942,1.3043478260869565,-3337.0,27403.6,13041.3,13766.6,-33243.0,-69269.9,-38509.9,-32203.0,3014.0,3081.5,2955.8,3104.8,59.50858074728592,buy,12412036.0,10850023.55555997,10354487700.0,45834938425.0,45287369802.5,13860782590.0,565819.0,1916618.5,2017720.0,698928.2,0,3
19750.0,2021-01-19,18950.0,21315.0,21270.0,19430.0,0.8613126282323873,-0.5080753452465661,11.246599870622813,9.70464135021097,34655.0,32466.0,19462.95,28873.6,-9852.0,-52510.7,-38861.4,-27879.0,3093.0,3091.7,2973.75,3098.2,60.67484242209848,buy,12839484.0,10995673.881899957,8100139600.0,40552813475.0,43741549390.0,11668871820.0,427448.0,1712718.0,1929802.35,598922.0,1,3
19900.0,2021-01-20,19750.0,20690.0,21297.5,19180.0,0.9527751227228116,-0.30367674510988035,12.983068466369929,16.455696202531644,-88132.0,26938.6,14173.3,12855.6,-502.0,-45186.6,-41761.85,-27928.0,3115.0,3106.4,2991.5,3091.6,58.42271983082388,buy,13346168.0,11166636.998948552,10007009000.0,21607957575.0,40975616000.0,11339529820.0,506684.0,996249.6,1785017.6,589271.0,2,3
20050.0,2021-01-21,19900.0,20155.0,21325.0,19210.0,0.9964614941175759,-0.08405052492976078,14.562614526745874,17.72151898734177,-90484.0,15506.4,9415.7,-14142.2,3645.0,-39114.7,-42373.25,-11924.6,3161.0,3119.3,3009.2,3093.8,57.52363978073566,buy,13738963.0,11352606.531780386,7816620500.0,17175479475.0,39459883785.0,9365127270.0,392795.0,829028.5,1706126.95,488704.6,3,3
20600.0,2021-01-22,20050.0,19850.0,21360.0,19390.0,0.9901811253364234,0.1397903395356561,16.037562549268177,18.9873417721519,-21045.0,5694.9,8130.05,-33668.6,-362.0,-36199.3,-43185.0,-8062.8,3141.0,3118.2,3025.9,3104.8,46.857197026789855,sell,13974353.0,11541087.906957205,4719569500.0,13792988905.0,37789299020.0,8199565260.0,235390.0,685708.3,1619366.05,425627.2,4,4
19900.0,2021-01-25,20600.0,19800.0,21422.5,19850.0,0.6869969260353017,0.7266603220336488,18.56798356502271,23.628691983122362,-16969.0,-11314.2,7337.55,-36395.0,1699.0,-16638.7,-43024.0,-1074.4,3209.0,3124.3,3045.9,3143.8,53.06441059561402,buy,14507676.0,11753251.946560543,10986453800.0,11093370535.0,37455188752.5,8325958480.0,533323.0,559028.1,1600376.75,419128.0,0,4
19000.0,2021-01-26,19900.0,19735.0,21372.5,20040.0,0.5080753452464238,0.8613126282324712,18.982434158069083,19.81132075471698,-19829.0,-9209.1,6007.45,-47291.8,-3955.0,-13887.0,-43612.35,105.0,3140.0,3125.7,3061.85,3153.2,15.929107333540301,sell,14218400.0,11928702.919269947,5756592400.0,9763060430.0,34704902412.5,7857249040.0,289276.0,495207.8,1469476.15,391493.6,1,4
18400.0,2021-01-27,19000.0,19535.0,21267.5,19890.0,0.30367674510972303,0.9527751227228618,17.81623730521888,15.483870967741936,3893.0,-8015.6,6157.95,-28886.8,-32504.0,-17111.7,-44648.45,-6295.4,3123.0,3123.2,3074.35,3154.8,19.830668786909442,sell,13851325.0,12064927.09737783,6974425000.0,9295131030.0,33912779367.5,7250732240.0,367075.0,476421.4,1433761.45,363571.8,2,4
18100.0,2021-01-28,18400.0,19400.0,21132.5,19590.0,0.08405052492959622,0.9964614941175898,15.547204474232903,11.009174311926607,15097.0,-10956.4,6868.65,-7770.6,-38924.0,-13366.9,-46005.55,-14809.2,3069.0,3115.1,3084.15,3136.4,28.124714982308518,sell,13571458.0,12171224.7968836,5149552800.0,8041222985.0,33029412712.5,6717318700.0,279867.0,414845.4,1393686.35,340986.2,3,4
18650.0,2021-01-29,18100.0,19295.0,20982.5,19200.0,-0.13979033953491904,0.9901811253365276,13.539399176828132,9.523809523809524,-3032.0,-18918.3,6672.9,-4168.0,-28588.0,-14258.6,-46845.85,-20454.4,2976.0,3104.1,3089.3,3103.4,35.46712077669156,sell,13180414.0,12242155.088057835,7077896400.0,7694274670.0,32242463237.5,7188984080.0,391044.0,398872.1,1359170.1,372117.0,4,5
18600.0,2021-02-01,18650.0,19330.0,20610.0,18810.0,-0.7266603220337622,0.6869969260351817,17.251382946703952,24.675324675324674,12831.0,-17301.5,5051.05,1792.0,-940.0,-11028.3,-40149.1,-20982.2,3057.0,3108.4,3094.95,3073.0,45.25035684215622,sell,13353821.0,12320006.24930337,3234040550.0,6982229955.0,26408584190.0,5638501430.0,173407.0,359630.9,1138124.7,300133.8,0,1
18400.0,2021-02-02,18600.0,19295.0,20305.0,18550.0,-0.8613126282325552,0.5080753452462816,19.60903371565085,24.324324324324326,-9698.0,-21736.8,5364.6,3818.2,-15629.0,-11606.0,-32058.35,-23317.0,3097.0,3108.8,3100.25,3064.4,48.760273559403856,sell,13197478.0,12381250.490407484,2907979800.0,6463013975.0,23507913725.0,5068778910.0,156343.0,332520.4,1022619.2,273547.2,1,1
18050.0,2021-02-03,18400.0,19160.0,19925.0,18430.0,-0.9527751227229119,0.30367674510956566,19.935434578045758,20.588235294117645,-3784.0,-13302.0,6818.3,2282.8,-24084.0,-13964.2,-29575.4,-21633.0,3130.0,3110.3,3108.35,3065.8,37.37342464352773,sell,13033206.0,12426612.578077724,3022604800.0,5764573555.0,13686265565.0,4278414870.0,164272.0,298279.2,647264.4,232986.6,2,1
18250.0,2021-02-04,18050.0,18975.0,19565.0,18360.0,-0.9964614941176037,0.08405052492943167,16.72166006062021,10.294117647058822,-10650.0,-5318.6,5093.9,-2866.6,31.0,-14325.6,-26720.15,-13842.0,3088.0,3103.0,3111.15,3069.6,44.21182334478744,sell,12862546.0,12456856.108330814,3080413000.0,5290952805.0,11233216140.0,3864586910.0,170660.0,276065.7,552547.1,211145.2,3,1
18050.0,2021-02-05,18250.0,18795.0,19322.5,18390.0,-0.9901811253365045,-0.13979033953508258,16.539930153288502,16.176470588235293,6230.0,-2591.1,1551.9,-1014.2,1291.0,-14160.3,-25179.8,-7866.2,3121.0,3101.0,3109.6,3098.6,52.32878840395392,buy,12945603.0,12490672.016583553,1515790250.0,4970574880.0,9381781892.5,2752165680.0,83057.0,260832.4,473270.35,149547.8,4,1
17900.0,2021-02-08,18050.0,18540.0,19170.0,18270.0,-0.6869969260350617,-0.7266603220338756,14.457992015747527,10.294117647058822,-12394.0,-2133.6,-6723.9,-6059.2,696.0,-14260.6,-15449.65,-7539.0,3091.0,3089.2,3106.75,3105.4,56.994750604120135,buy,12810369.0,12512735.878489926,2440973700.0,4116026870.0,7604698702.5,2593552310.0,135234.0,221023.5,390025.8,141913.2,0,2
18400.0,2021-02-09,17900.0,18340.0,19037.5,18130.0,-0.5080753452469228,-0.8613126282321769,11.599445075886079,5.88235294117647,32554.0,3104.7,-3052.2,2391.2,238.0,-13841.3,-13864.15,-4365.6,3085.0,3083.7,3104.7,3103.0,52.07999160426654,buy,12674683.0,12523886.461811682,2428779400.0,3783245570.0,6773153000.0,2497712230.0,135686.0,205664.5,350436.15,137781.8,1,2
18400.0,2021-02-10,18400.0,18280.0,18907.5,18130.0,-0.30367674510940834,-0.952775122722962,14.5957088884262,20.588235294117645,-4406.0,2274.8,-2870.4,2266.8,-37.0,-10594.6,-13853.15,443.8,3101.0,3081.5,3102.35,3097.2,56.75305055120101,buy,12813308.0,12543770.593160518,2550700000.0,3340873070.0,6318002050.0,2403331270.0,138625.0,182819.5,329620.45,132652.4,2,2
18400.0,2021-02-11,18400.0,18280.0,18840.0,18200.0,-0.08405052492926711,-0.9964614941176175,16.593217870973522,20.588235294117645,-4406.0,324.5,-5315.95,3515.6,-37.0,-6705.9,-10036.4,430.2,3101.0,3084.7,3099.9,3099.8,63.2863733935589,buy,12813308.0,12562250.992328348,2550700000.0,3080987790.0,5561105387.5,2297388670.0,138625.0,168695.3,291770.35,126245.4,3,2
17900.0,2021-02-12,18400.0,18310.0,18802.5,18230.0,0.13979033953524608,-0.9901811253364814,18.35381202013177,21.875,-4406.0,187.1,-9365.6,1388.4,-37.0,-3850.8,-9054.7,164.6,3101.0,3097.2,3100.65,3095.8,56.982993641545384,buy,12813308.0,12579431.725474335,2550700000.0,2628268150.0,5161271410.0,2504370620.0,138625.0,143453.4,271162.75,137359.0,4,2
17700.0,2021-02-15,17900.0,18235.0,18782.5,18200.0,0.7266603220339891,-0.6869969260349418,21.913294177998328,29.03225806451613,-14183.0,-2514.3,-9907.9,1030.6,1774.0,-3579.4,-7303.85,380.2,3147.0,3106.2,3107.3,3107.0,66.63996593665988,buy,12559255.0,12578053.395058729,4547548700.0,2759618965.0,4870924460.0,2925685620.0,254053.0,151518.0,255574.45,161122.8,0,3
18000.0,2021-02-16,17700.0,18145.0,18720.0,18160.0,0.8613126282322608,-0.5080753452467806,24.753790397679072,30.434782608695656,-21806.0,-3725.1,-12730.95,-9841.4,67.0,-2009.8,-6807.9,346.0,3163.0,3112.8,3110.8,3122.6,64.62307543476179,buy,12277104.0,12557528.460934673,4994072700.0,2968228255.0,4715621115.0,3438744280.0,282151.0,164098.8,248309.6,190415.8,1,3
17400.0,2021-02-17,18000.0,18105.0,18632.5,18080.0,0.9527751227230122,-0.303676745109251,30.995280666473953,43.47826086956522,-19443.0,-5291.0,-9296.5,-12848.8,2757.0,674.3,-6644.95,904.8,3134.0,3113.2,3111.75,3129.2,76.49665342183482,buy,12470609.0,12551609.579421908,3483090000.0,3014276775.0,4389425165.0,3625222280.0,193505.0,167022.1,232650.65,201391.8,2,3
17150.0,2021-02-18,17400.0,18040.0,18507.5,17880.0,0.9964614941176314,-0.08405052492910256,26.865070782724157,18.6046511627907,-12879.0,-5513.9,-5416.25,-14543.4,-1368.0,534.4,-6895.6,638.6,3087.0,3113.1,3108.05,3126.4,65.45464767256725,buy,12318133.0,12535733.41579881,2653082400.0,2971543715.0,4131248260.0,3645698760.0,152476.0,165203.7,220634.7,204162.0,3,3
16600.0,2021-02-19,17150.0,17930.0,18362.5,17630.0,0.9901811253364583,0.1397903395354096,24.032496145584922,18.367346938775512,-4776.0,-6614.5,-4602.8,-14617.4,-42.0,401.1,-6879.6,637.6,3108.0,3111.8,3106.4,3127.8,66.29122413011363,buy,12046578.0,12502515.613980547,4657168250.0,3285681515.0,4128128197.5,4066992410.0,271555.0,184053.5,222442.95,230748.0,4,3
16300.0,2021-02-22,16600.0,17785.0,18162.5,17370.0,0.6869969260348218,0.7266603220341026,16.730883916564416,2.127659574468085,1756.0,-5199.5,-3666.55,-11429.6,195.0,351.0,-6954.8,321.8,3080.0,3110.7,3099.95,3114.4,74.99553421057102,buy,11841677.0,12457694.726036789,3401356600.0,3381719805.0,3748873337.5,3837753990.0,204901.0,191020.2,206021.85,220917.6,0,4
16100.0,2021-02-23,16300.0,17625.0,17982.5,17090.0,0.5080753452466382,0.8613126282323448,14.359050807801568,9.615384615384617,23677.0,-6087.2,-1491.25,-2333.0,-7140.0,-386.8,-7114.05,-1119.6,3070.0,3109.2,3096.45,3095.8,66.80249202256468,buy,11643504.0,12402536.695443349,3230219900.0,3461863855.0,3622554712.5,3484983430.0,198173.0,197268.9,201466.7,204122.0,1,4
17550.0,2021-02-24,16100.0,17395.0,17837.5,16710.0,0.3036767451099602,0.9527751227227862,12.136803097409121,7.6923076923076925,23751.0,-3271.5,-498.35,6305.8,4040.0,20.9,-5286.85,-863.0,2995.0,3098.6,3090.05,3068.0,59.000706776664174,buy,11396387.0,12334447.723642597,3978583700.0,3604652225.0,3472762647.5,3584082170.0,247117.0,208118.1,195468.8,214844.4,2,4
16800.0,2021-02-25,17550.0,17310.0,17795.0,16740.0,0.08405052492893801,0.9964614941176453,29.659829543401667,64.70588235294117,-22146.0,-5045.5,-2360.5,4452.4,-3392.0,-314.6,-3510.25,-1267.8,3100.0,3098.5,3091.6,3070.6,64.8772617119491,buy,11763460.0,12295846.22139407,6442131150.0,3993795340.0,3537391565.0,4341891920.0,367073.0,230962.9,199829.1,257763.8,3,4
16800.0,2021-02-26,16800.0,17150.0,17730.0,16670.0,-0.13979033953557313,0.9901811253364352,31.5379255799177,35.294117647058826,-26455.0,-7250.4,-3531.65,116.6,2115.0,-99.4,-1975.1,-836.4,3013.0,3089.7,3093.45,3051.6,67.71388100699224,buy,11516125.0,12243182.740497248,4155228000.0,4154248140.0,3391258145.0,4241503870.0,247335.0,241833.9,192643.65,252919.8,4,4
17350.0,2021-03-01,16800.0,17040.0,17637.5,16710.0,-0.7266603220335912,0.6869969260353627,32.78998960317081,35.294117647058826,-26455.0,-8477.6,-5495.95,-5525.6,2115.0,-65.3,-1822.35,-452.4,3013.0,3076.3,3091.25,3038.2,65.38807613226878,buy,11516125.0,12194119.144739358,4155228000.0,4115016070.0,3437317517.5,4392278150.0,247335.0,241162.1,196340.05,261406.6,0,1
17100.0,2021-03-02,17350.0,17005.0,17575.0,16920.0,-0.8613126282324286,0.508075345246496,40.8142414385224,56.86274509803921,8652.0,-5431.8,-4578.45,-8530.6,19264.0,1854.4,-77.7,4828.4,3044.0,3064.4,3088.6,3033.0,66.48710537027858,buy,11770488.0,12165554.802257612,4413198050.0,4056928605.0,3512578430.0,4628873780.0,254363.0,238383.3,201241.05,272644.6,1,1
16550.0,2021-03-03,17100.0,16915.0,17510.0,17120.0,-0.9527751227228364,0.30367674510980286,42.89576880279703,47.05882352941176,-21326.0,-5620.1,-5455.55,-17546.0,15005.0,3079.2,1876.75,7021.4,3083.0,3059.3,3086.25,3050.6,67.66472031162212,buy,11612481.0,12128290.826785313,2701919700.0,3978811575.0,3496544175.0,4373540980.0,158007.0,234833.5,200927.8,254822.6,2,1
16250.0,2021-03-04,16550.0,16830.0,17435.0,16920.0,-0.9964614941176592,0.08405052492877345,38.017469055929645,28.26086956521739,-39467.0,-8278.9,-6896.4,-21010.2,-1230.0,3093.0,1813.7,7453.8,3043.0,3054.9,3084.0,3039.2,62.629219349613464,buy,11473545.0,12084207.8587007,2299390800.0,3943442415.0,3457493065.0,3544992910.0,138936.0,233479.5,199341.6,209195.2,3,1
16000.0,2021-03-05,16250.0,16740.0,17335.0,16810.0,-0.9901811253364121,-0.13979033953573664,31.594979369735476,18.75,-8849.0,-8686.2,-7650.35,-17489.0,38.0,3101.0,1751.05,7038.4,3026.0,3046.7,3079.25,3041.8,56.42343734397131,buy,11320892.0,12032849.03174797,2480611250.0,3725786715.0,3505734115.0,3210069560.0,152653.0,221589.3,202821.4,190258.8,4,1
15700.0,2021-03-08,16000.0,16680.0,17232.5,16650.0,-0.6869969260352426,-0.7266603220337047,23.841097356889698,8.333333333333332,-15896.0,-10451.4,-7825.45,-15377.2,134.0,3094.9,1722.95,6642.2,2996.0,3038.3,3074.5,3038.4,54.14274218852917,buy,11206644.0,11977293.067351371,1827968000.0,3568447855.0,3475083830.0,2744617560.0,114248.0,212524.0,201772.1,163641.4,0,2
15450.0,2021-03-09,15700.0,16620.0,17122.5,16320.0,-0.5080753452463538,-0.8613126282325125,20.491766053813464,13.793103448275861,-19251.0,-14744.2,-10415.7,-20957.8,-334.0,3775.5,1694.35,2722.6,2976.0,3028.9,3069.05,3024.8,56.0168998119213,buy,11044050.0,11914575.719422152,2552725800.0,3500698445.0,3481281150.0,2372523110.0,162594.0,208966.1,203117.5,145287.6,1,2
15550.0,2021-03-10,15450.0,16555.0,16975.0,15990.0,-0.30367674510964554,-0.9527751227228864,15.6219616827358,5.88235294117647,2441.0,-16875.2,-10073.35,-16204.4,-60.0,3365.5,1693.2,-290.4,2958.0,3025.2,3061.9,2999.8,61.71685375988596,buy,10937484.0,11848946.82382356,1646444700.0,3267484545.0,3436068385.0,2161428110.0,106566.0,194911.0,201514.55,134999.4,2,2
16150.0,2021-03-11,15550.0,16355.0,16832.5,15790.0,-0.08405052492951517,-0.9964614941175965,14.118344825486675,11.11111111111111,17553.0,-12905.3,-8975.4,-4800.4,2075.0,3912.2,1798.8,370.6,3014.0,3016.6,3057.55,2994.0,55.17631347866283,buy,11059935.0,11795977.335092984,1904113050.0,2813682735.0,3403739037.5,2082372560.0,122451.0,170448.8,200705.85,131702.4,3,2
16300.0,2021-03-12,16150.0,16290.0,16720.0,15770.0,0.13979033953499959,-0.9901811253365161,22.004822476393368,37.77777777777778,-2577.0,-10517.5,-8883.95,-3546.0,-628.0,3637.9,1769.25,237.4,3054.0,3020.7,3055.2,2999.6,61.8005834076555,buy,11141311.0,11752047.519254444,1314222400.0,2529582175.0,3341915157.5,1849094790.0,81376.0,153852.9,197843.4,117447.0,4,2
16750.0,2021-03-15,16300.0,16240.0,16640.0,15830.0,0.7266603220338181,-0.6869969260351226,29.48469646583414,44.44444444444444,-9473.0,-8819.3,-8648.45,-2261.4,184.0,3444.8,1689.75,247.4,3046.0,3024.0,3050.15,3009.6,64.80644032419107,buy,11240678.0,11717748.24523835,1619682100.0,2276027585.0,3195521827.5,1807437610.0,99367.0,139056.1,190109.1,114470.8,0,3
17000.0,2021-03-16,16750.0,16180.0,16592.5,16040.0,0.8613126282321344,-0.5080753452469949,41.13794579213148,64.44444444444444,-6214.0,-10305.9,-7868.85,346.0,-550.0,1463.4,1658.9,204.2,3067.0,3026.3,3045.35,3027.8,62.52095862383489,buy,11413132.0,11697324.914992517,2888604500.0,2123568230.0,3090248417.5,1874613350.0,172454.0,130865.2,184624.25,116442.8,1,3
17050.0,2021-03-17,17000.0,16170.0,16542.5,16350.0,0.9527751227229366,-0.30367674510948817,53.78188634210907,79.06976744186046,2852.0,-7888.1,-6754.1,428.2,-363.0,-73.4,1502.9,143.6,3048.0,3022.8,3041.05,3045.8,58.78090259450789,buy,11507486.0,11684601.784271913,1604018000.0,2013778060.0,2996294817.5,1866128010.0,94354.0,124499.9,179666.7,114000.4,2,3
17050.0,2021-03-18,17050.0,16220.0,16525.0,16650.0,0.9964614941176104,-0.08405052492935061,62.986373840508776,81.3953488372093,-8306.0,-4772.0,-6525.45,-4743.6,-1778.0,-128.2,1482.4,-627.0,3066.0,3025.1,3040.0,3056.2,63.53261967952962,buy,11591970.0,11678395.737240385,1440452200.0,1927884200.0,2935663307.5,1773395840.0,84484.0,119054.7,176267.1,106407.0,3,3
16850.0,2021-03-19,17050.0,16300.0,16520.0,16830.0,0.990181125336493,0.13979033953516312,69.1226988394236,81.3953488372093,631.0,-3824.0,-6255.1,-4102.0,-195.0,-151.5,1474.75,-540.4,3040.0,3026.5,3036.6,3053.4,55.103484812170294,buy,11591970.0,11672607.38822832,1143117250.0,1794134800.0,2759960757.5,1739174810.0,67045.0,110493.9,166041.6,103540.8,4,3
16750.0,2021-03-22,16850.0,16385.0,16532.5,16940.0,0.6869969260350026,0.7266603220339315,70.11280697822197,72.09302325581395,-6105.0,-2844.9,-6648.15,-3428.4,965.0,-68.4,1513.25,-384.2,3035.0,3030.4,3034.35,3051.2,44.94369460166222,sell,11541799.0,11663849.217677886,845381350.0,1695876135.0,2632161995.0,1584314660.0,50171.0,104086.2,158305.1,93701.6,0,4
16450.0,2021-03-23,16750.0,16490.0,16555.0,16940.0,0.5080753452468527,0.8613126282322183,72.18046781004492,76.31578947368422,16029.0,683.1,-7030.55,1020.2,-73.0,-42.3,1866.6,-288.8,3005.0,3033.3,3031.1,3038.8,48.48927656050646,sell,11421994.0,11647660.650568452,2006733750.0,1641276930.0,2570987687.5,1407940510.0,119805.0,99807.3,154386.7,83171.8,1,4
16200.0,2021-03-24,16450.0,16590.0,16572.5,16830.0,0.30367674510933085,0.9527751227229868,68.29575046985175,60.526315789473685,140.0,453.0,-8211.1,477.8,7033.0,667.0,2016.25,1190.4,2996.0,3037.1,3031.15,3028.4,57.774012008372914,buy,11330814.0,11626458.223859752,1499911000.0,1626623560.0,2447054052.5,1387119110.0,91180.0,98268.7,146589.85,82537.0,2,4
16300.0,2021-03-25,16200.0,16655.0,16505.0,16660.0,0.08405052492918606,0.9964614941176243,61.31997399744174,47.368421052631575,-2666.0,-1568.9,-7237.1,1605.8,12.0,460.7,2186.45,1548.4,3008.0,3036.5,3026.55,3016.8,49.2218269250443,sell,11256670.0,11601719.298922725,1201132800.0,1556325535.0,2185004135.0,1339255230.0,74144.0,93438.0,131943.4,80469.0,3,4
17000.0,2021-03-26,16300.0,16670.0,16480.0,16510.0,-0.13979033953532663,0.99018112533647,58.42384231408306,52.63157894736842,7342.0,-577.0,-5547.25,2948.0,4.0,523.9,2080.9,1588.2,3041.0,3035.2,3027.95,3017.0,50.654820371844096,buy,11312953.0,11582405.27253926,917412900.0,1516644585.0,2023113380.0,1294114360.0,56283.0,90928.7,122390.8,78316.6,4,4
16950.0,2021-03-29,17000.0,16740.0,16490.0,16540.0,-0.7266603220340451,0.6869969260348826,68.47303773320034,88.57142857142857,13703.0,1740.6,-3539.35,6909.6,3750.0,880.5,2162.65,2145.2,3036.0,3034.2,3029.1,3017.2,42.0612519334194,sell,11465309.0,11574575.038635937,2590052000.0,1613681575.0,1944854580.0,1643048490.0,152356.0,96227.6,117641.85,98753.6,0,5
16850.0,2021-03-30,16950.0,16760.0,16470.0,16580.0,-0.8613126282323021,0.5080753452467104,72.67571884916119,81.08108108108108,-13940.0,968.0,-4668.95,915.8,993.0,1034.8,1249.1,2358.4,3070.0,3034.5,3030.4,3030.2,52.47015240993513,buy,11351351.0,11559651.070757043,1931588100.0,1517979935.0,1820774082.5,1628019360.0,113958.0,90378.0,110621.6,97584.2,1,5
18200.0,2021-03-31,16850.0,16745.0,16457.5,16660.0,-0.9527751227227608,0.30367674511004006,71.78381256610737,70.0,-5244.0,158.4,-3864.85,-161.0,-64.0,1064.7,495.65,939.0,3061.0,3035.8,3029.3,3043.2,43.28360276109996,sell,11299670.0,11542272.956178924,870824850.0,1444660620.0,1729219340.0,1502202130.0,51681.0,86110.7,105305.3,89684.4,2,5
19250.0,2021-04-01,18200.0,16860.0,16540.0,17060.0,-0.9964614941176382,0.0840505249290215,77.18920837740525,88.0,76939.0,8682.9,1955.45,15760.0,38775.0,5120.0,2495.9,8691.6,3087.0,3037.9,3031.5,3059.0,44.1996824663019,sell,11827017.0,11561302.95095049,9597715400.0,2260386940.0,2094135570.0,3181518650.0,527347.0,130397.0,124725.85,180325.0,3,1
19250.0,2021-04-02,19250.0,17080.0,16690.0,17650.0,-0.9901811253364469,-0.13979033953549014,82.34182519278019,92.64705882352942,-27265.0,5893.3,1034.65,8838.6,50532.0,10192.7,5020.6,18797.2,3113.0,3045.2,3035.85,3073.4,59.53136326386196,buy,12639267.0,11633333.46752544,15635812500.0,3709656465.0,2751895632.5,6125198570.0,812250.0,204917.5,157705.7,331518.4,4,1
18700.0,2021-04-05,19250.0,17320.0,16852.5,18100.0,-0.6869969260354235,-0.7266603220335336,85.77690306969669,92.64705882352942,-4719.0,6031.9,1593.5,5154.2,-2095.0,9886.7,4909.15,17628.2,3121.0,3053.8,3042.1,3090.4,71.95068246768675,buy,12639267.0,11700540.476060506,6982668000.0,4323385130.0,3009630632.5,7003721770.0,362736.0,236174.0,170130.1,373594.4,0,1
18450.0,2021-04-06,18700.0,17515.0,17002.5,18450.0,-0.5080753452465682,-0.8613126282323861,82.67479812489577,76.47058823529412,-16105.0,2818.5,1750.8,4721.2,-26966.0,7197.4,3577.55,12036.4,3127.0,3066.0,3049.65,3101.8,63.742022455605735,buy,12431381.0,11749361.333305024,3887468200.0,4511458575.0,3076367752.5,7394897790.0,207886.0,244982.1,172394.7,392380.0,1,1
19600.0,2021-04-07,18450.0,17715.0,17152.5,18770.0,-0.3036767451098827,-0.9527751227228108,78.15574776953831,69.11764705882352,4534.0,3257.9,1855.45,6676.8,-18583.0,4635.8,2651.4,8332.6,3137.0,3080.1,3058.6,3117.0,60.45665528889343,buy,12288903.0,11785398.401013672,2628719100.0,4624339385.0,3125481472.5,7746476640.0,142478.0,250111.9,174190.3,410539.4,2,1
19550.0,2021-04-08,19600.0,18055.0,17355.0,19050.0,-0.08405052492885695,-0.9964614941176521,82.40686214938921,90.9090909090909,22865.0,5811.0,2121.05,-4138.0,70219.0,11656.5,6058.6,14621.4,3143.0,3093.6,3065.05,3128.2,58.64147070748252,buy,12758523.0,11850387.195156554,9204552000.0,5424681305.0,3490503420.0,7667843960.0,469620.0,289659.5,191548.75,398994.0,3,2
19100.0,2021-04-09,19550.0,18380.0,17525.0,19110.0,0.13979033953565367,-0.9901811253364238,81.68209414610443,80.23255813953489,-35232.0,1553.6,488.3,-5731.4,4712.0,12127.3,6325.6,5457.4,3132.0,3102.7,3068.95,3132.0,65.92430327940538,buy,12310912.0,11881139.1169147,8750795050.0,6208019520.0,3862332052.5,6290840470.0,447611.0,328792.3,209860.5,326066.2,4,2
19450.0,2021-04-12,19100.0,18590.0,17665.0,19080.0,0.726660322033647,-0.6869969260353035,77.71054338422465,69.76744186046511,10287.0,1212.0,1476.3,-2730.2,-5942.0,11158.1,6019.3,4688.0,3136.0,3112.7,3073.45,3135.0,55.90915105917129,buy,12124447.0,11897384.42723063,3561481500.0,6305162470.0,3959422022.5,5606603170.0,186465.0,332203.2,214215.4,290812.0,0,2
19150.0,2021-04-13,19450.0,18840.0,17800.0,19230.0,0.86131262823247,-0.508075345246426,77.77602117087845,77.90697674418605,-7300.0,1876.0,1422.0,-969.2,-7438.0,10315.0,5674.9,8593.6,3169.0,3122.6,3078.55,3143.4,54.1904403692482,buy,12435104.0,11933283.517144583,6042278650.0,6716231525.0,4117105730.0,6037565260.0,310657.0,351873.1,221125.55,311366.2,1,2
18650.0,2021-04-14,19150.0,19070.0,17907.5,19370.0,0.952775122722861,-0.30367674510972537,75.49409163329881,70.93023255813954,-8397.0,1560.7,859.55,-3555.4,13628.0,11684.2,6374.45,15035.8,3182.0,3134.7,3085.25,3152.4,58.92729896966392,buy,12308451.0,11958327.967169615,2425404950.0,6871689535.0,4158175077.5,5996902430.0,126653.0,359370.3,222740.5,308201.2,2,2
19050.0,2021-04-15,18650.0,19115.0,17987.5,19180.0,0.9964614941175896,-0.08405052492959866,70.09683628266433,59.30232558139535,961.0,-6037.1,1322.9,-7936.2,10.0,7807.7,6463.85,994.0,3194.0,3145.4,3091.65,3162.6,57.70740535642369,buy,12168710.0,11972370.855046693,2606169650.0,6172534960.0,4216460950.0,4677225960.0,139741.0,320609.7,225503.35,242225.4,3,3
19050.0,2021-04-16,19050.0,19095.0,18087.5,19080.0,0.9901811253364008,0.13979033953581718,67.73579039848855,63.013698630136986,8479.0,-2462.7,1715.3,806.0,9799.0,3734.4,6963.55,2011.4,3199.0,3154.0,3099.6,3176.0,57.754836762092125,buy,12273848.0,11992492.62678523,2002878900.0,4809241600.0,4259449032.5,3327642730.0,105138.0,249898.5,227408.0,173730.8,4,3
19150.0,2021-04-19,19050.0,19075.0,18197.5,19070.0,0.6869969260351835,0.7266603220337605,66.16175980903803,63.013698630136986,-33080.0,-5298.8,366.55,-7867.4,4813.0,4425.2,7155.95,4162.4,3199.0,3161.8,3107.8,3188.6,57.718643071166944,buy,12273848.0,12011269.941307385,3223393350.0,4433314135.0,4378349632.5,3260025100.0,169207.0,230545.6,233359.8,170279.2,0,3
18600.0,2021-04-20,19150.0,19120.0,18317.5,19010.0,0.5080753452470671,0.8613126282320918,66.02564809187011,65.75342465753424,749.0,-3613.4,-397.45,-6257.6,18750.0,8996.8,8097.1,9400.0,3221.0,3171.2,3118.6,3199.0,60.1848802977301,buy,12392758.0,12036728.15326435,2277126500.0,4272279965.0,4391869270.0,2506994670.0,118910.0,221648.0,233315.05,131929.8,1,3
19100.0,2021-04-21,18600.0,19135.0,18425.0,18900.0,0.303676745109568,0.9527751227229112,50.68376539458007,20.0,5926.0,-3474.2,-108.15,-3393.0,-784.0,10776.7,7706.25,6517.6,3172.0,3174.7,3127.4,3197.0,52.78337917095208,buy,12267836.0,12052149.859043134,2323549200.0,4241762975.0,4433051180.0,2486623520.0,124922.0,219892.4,235002.15,131583.6,2,3
18600.0,2021-04-22,19100.0,19085.0,18570.0,18990.0,0.08405052492943411,0.9964614941176034,47.86325100379412,42.22222222222222,87.0,-5752.0,29.5,-3567.8,-388.0,3716.0,7686.25,6438.0,3178.0,3178.2,3135.9,3193.8,41.727348584547244,sell,12407924.0,12075888.990387589,2675680800.0,3588875855.0,4506778580.0,2500525750.0,140088.0,186939.2,238299.35,131653.0,3,4
18350.0,2021-04-23,18600.0,18990.0,18685.0,18900.0,-0.13979033953598072,0.9901811253363777,35.97387465293591,12.195121951219512,-7409.0,-2969.7,-708.05,-6745.4,-45079.0,-1263.1,5432.1,-4537.6,3186.0,3183.6,3143.15,3191.2,50.27075174109969,buy,12249651.0,12087482.630580638,2943877800.0,3008184130.0,4608101825.0,2688725530.0,158273.0,158005.4,243398.85,142280.0,4,4
18250.0,2021-04-26,18350.0,18915.0,18752.5,18760.0,-0.726660322033874,0.6869969260350635,23.982583101957275,0.0,2985.0,-3699.9,-1243.95,467.6,-13073.0,-1976.2,4590.95,-8114.8,3218.0,3191.8,3152.25,3195.0,57.09405428500112,buy,12119646.0,12089628.497414224,2385591750.0,2890595155.0,4597878812.5,2521165210.0,130005.0,152359.4,242281.3,134439.6,0,4
17800.0,2021-04-27,18250.0,18795.0,18817.5,18580.0,-0.8613126282321757,0.5080753452469249,21.757619503868952,17.307692307692307,15403.0,-1429.6,223.2,3398.4,-3994.0,-1631.8,4341.6,-12663.6,3215.0,3196.4,3159.5,3193.8,57.355614434508325,buy,11944706.0,12079960.091748238,3192655000.0,2605632790.0,4660932157.5,2704270910.0,174940.0,138787.7,245330.4,145645.6,1,4
17550.0,2021-04-28,17800.0,18660.0,18865.0,18420.0,-0.9527751227229613,0.3036767451094107,18.949524113690412,13.333333333333334,-14664.0,-2056.3,-247.8,-719.6,-156.0,-3010.2,4337.0,-12538.0,3181.0,3196.3,3165.5,3195.6,51.72481384814031,buy,11763799.0,12058868.624991177,3220144600.0,2685106755.0,4778398145.0,2883589990.0,180907.0,144213.1,251791.7,156842.6,2,4
18000.0,2021-04-29,17550.0,18550.0,18832.5,18110.0,-0.9964614941176173,0.08405052492926955,19.41267709274276,20.33898305084746,6838.0,-1468.6,-3752.85,630.6,-686.0,-3079.8,2363.95,-12597.6,3174.0,3194.3,3169.85,3194.8,67.47996841139374,buy,11621050.0,12029662.544422043,2505244950.0,2675014285.0,4423774622.5,2849502820.0,142749.0,144513.9,232561.8,157374.8,3,5
17250.0,2021-04-30,18000.0,18445.0,18770.0,17990.0,-0.9901811253364817,-0.13979033953524367,24.80619150815619,35.59322033898305,-19497.0,-4266.2,-3364.45,-1787.0,-376.0,-4097.3,-181.45,-3657.0,3148.0,3189.2,3171.6,3187.2,69.39158209049145,buy,11722870.0,12009197.823715296,1832760000.0,2658002395.0,3733621997.5,2627279260.0,101820.0,144182.1,197040.3,146084.2,4,5
17550.0,2021-05-03,17250.0,18265.0,18670.0,17770.0,-0.6869969260349436,-0.7266603220339874,20.31104591109784,11.320754716981133,1372.0,-821.0,-3059.9,-2109.6,53.0,-4573.3,-74.05,-1031.8,3127.0,3182.0,3171.9,3169.0,60.19704318095427,buy,11638593.0,11984477.436728928,1453778250.0,2481040885.0,3457177510.0,2440916560.0,84277.0,135689.1,183117.35,136938.6,0,1
17550.0,2021-05-04,17550.0,18105.0,18612.5,17630.0,-0.5080753452467826,-0.8613126282322596,21.383834528967185,23.52941176470588,4138.0,-482.1,-2047.75,-4362.6,3578.0,-6090.5,1453.15,482.6,3147.0,3174.6,3172.9,3155.4,61.97331370383879,buy,11726663.0,11967281.108376773,1545628500.0,2407891085.0,3340085525.0,2111511260.0,88070.0,132605.1,177126.55,119564.6,1,1
17400.0,2021-05-05,17550.0,18000.0,18567.5,17580.0,-0.3036767451101199,-0.9527751227227352,22.099026940880083,23.52941176470588,4138.0,-660.9,-2067.55,-602.2,3578.0,-5654.3,2561.2,1229.4,3147.0,3172.1,3173.4,3148.6,60.649242746437885,buy,11726663.0,11951232.323679382,1545628500.0,2330099015.0,3285930995.0,1776608040.0,88070.0,128919.9,174406.15,100997.2,2,1
17750.0,2021-05-06,17400.0,17830.0,18457.5,17550.0,-0.084050524929105,-0.9964614941176312,20.61503756842986,17.647058823529413,453.0,-624.3,-3188.15,-1879.2,-1041.0,-5719.6,-1001.8,1158.4,3179.0,3172.2,3175.2,3149.6,66.44968856849744,buy,11684981.0,11933474.409955217,725266800.0,2135057615.0,2861966735.0,1420612410.0,41682.0,119079.3,153009.25,80783.8,3,1
18000.0,2021-05-07,17750.0,17745.0,18367.5,17500.0,0.13979033953540718,-0.9901811253364586,24.410025045619903,32.0,3502.0,466.8,-1251.45,2720.6,133.0,-1198.4,-1230.75,1260.2,3197.0,3173.3,3178.45,3159.4,60.96102176619011,buy,11743571.0,11920808.973366197,1039972500.0,1944667085.0,2476425607.5,1262054910.0,58590.0,109111.0,133558.2,72137.8,4,1
17600.0,2021-05-10,18000.0,17710.0,18312.5,17650.0,0.7266603220334761,-0.6869969260354845,30.27335003041327,42.0,802.0,248.5,-1725.7,2606.6,-2912.0,-182.3,-1079.25,667.2,3249.0,3176.4,3184.1,3183.8,67.46143205225576,buy,11808185.0,11913297.82511512,1163052000.0,1822413110.0,2356504132.5,1203909660.0,64614.0,102571.9,127465.65,68205.2,0,2
17300.0,2021-05-11,17600.0,17645.0,18220.0,17660.0,0.8613126282323436,-0.5080753452466403,28.84890002027551,26.0,6131.0,-678.7,-1054.15,3005.2,-5726.0,-355.5,-993.65,-1193.6,3209.0,3175.8,3186.1,3196.2,65.98621847304778,buy,11727678.0,11900918.734858094,1416923200.0,1644839930.0,2125236360.0,1178168600.0,80507.0,93128.6,115958.15,66692.6,1,2
17200.0,2021-05-12,17300.0,17595.0,18127.5,17610.0,0.9527751227227854,-0.3036767451099625,24.41778519870219,15.555555555555555,3617.0,1149.4,-453.45,2901.0,160.0,-323.9,-1667.05,-1877.2,3162.0,3173.9,3185.1,3199.2,64.28336189518664,buy,11599277.0,11880802.55902115,2221337300.0,1544959200.0,2115032977.5,1313310360.0,128401.0,87878.0,116045.55,74758.8,2,2
17300.0,2021-05-13,17200.0,17560.0,18055.0,17570.0,0.9964614941176451,-0.08405052492894044,20.552027739305732,12.82051282051282,8781.0,1343.7,-62.45,4566.6,94.0,-245.9,-1662.85,-1650.2,3122.0,3168.7,3181.5,3187.8,63.16753830025328,buy,11525193.0,11857087.853571815,1274244800.0,1421859185.0,2048436735.0,1423105960.0,74084.0,81011.5,112762.7,81239.2,3,2
17050.0,2021-05-14,17300.0,17490.0,17967.5,17480.0,0.9901811253364355,0.13979033953557068,21.4791296039816,23.333333333333332,6047.0,3898.1,-184.05,5075.6,-3382.0,-546.5,-2321.9,-2353.2,3153.0,3169.2,3179.2,3179.0,66.28439547057299,buy,11612773.0,11840795.450699285,1515134000.0,1390096585.0,2024049490.0,1518138260.0,87580.0,79587.5,111884.8,87037.2,4,2
18000.0,2021-05-17,17050.0,17470.0,17867.5,17290.0,0.6869969260353644,0.7266603220335895,16.9860864026544,8.0,2459.0,4006.8,1592.9,5407.0,-6016.0,-1153.4,-2863.35,-2974.0,3135.0,3170.0,3176.0,3156.2,63.6586403799259,buy,11555606.0,11821777.65010308,974697350.0,1342188495.0,1911614690.0,1480467330.0,57167.0,76876.5,106282.8,85547.8,0,3
18000.0,2021-05-18,18000.0,17515.0,17810.0,17370.0,0.5080753452464981,0.8613126282324274,39.3240576017696,84.0,27722.0,6365.2,2941.55,9725.2,54.0,-1505.8,-3798.15,-1818.0,3173.0,3172.6,3173.6,3149.0,54.286151569134745,buy,11689025.0,11812925.227090253,2401542000.0,1427779845.0,1917835465.0,1677391090.0,133419.0,81411.4,107008.25,96130.2,1,3
17950.0,2021-05-19,18000.0,17560.0,17780.0,17510.0,0.3036767451098052,0.9527751227228356,54.21603840117973,84.0,27722.0,8723.6,4031.35,14546.2,54.0,-1858.2,-3756.25,-1839.2,3173.0,3175.2,3173.65,3151.2,67.1031136138578,buy,11689025.0,11804663.255208375,2401542000.0,1513371195.0,1921735105.0,1713432030.0,133419.0,85946.3,107433.1,97133.8,2,3
17550.0,2021-05-20,17950.0,17615.0,17722.5,17660.0,0.08405052492968217,0.9964614941175824,61.785051241812134,76.92307692307693,-11103.0,7568.0,3471.85,10569.4,92.0,-1744.9,-3732.25,-1839.6,3162.0,3173.5,3172.85,3159.2,77.26644450259789,buy,11633619.0,11793257.783703566,994537700.0,1540298285.0,1837677950.0,1657490610.0,55406.0,87318.7,103199.0,93398.2,3,3
17150.0,2021-05-21,17550.0,17595.0,17670.0,17710.0,-0.13979033953573422,0.9901811253364124,56.57464954582347,46.15384615384615,-17389.0,5478.9,2972.85,5882.2,197.0,-1738.5,-1468.45,-1123.8,3156.0,3169.4,3171.35,3159.8,79.19988267988307,buy,11536404.0,11776130.66460098,1706123250.0,1606913360.0,1775790222.5,1695688460.0,97215.0,91181.2,100146.1,95325.2,4,3
17150.0,2021-05-24,17150.0,17510.0,17610.0,17730.0,-0.726660322033703,0.6869969260352444,42.8446381587541,15.384615384615385,-4745.0,4924.2,2586.35,4441.4,4595.0,-987.8,-585.05,998.4,3144.0,3158.9,3167.65,3161.6,79.40950298399774,buy,11410831.0,11751772.663313234,2153576950.0,1705965855.0,1764189482.5,1931464380.0,125573.0,97277.1,99924.5,109006.4,0,4
17150.0,2021-05-25,17150.0,17465.0,17555.0,17560.0,-0.8613126282320492,0.5080753452471393,33.691297234041194,15.384615384615385,2396.0,4550.7,1936.0,-623.8,-19130.0,-2328.2,-1341.85,-2838.4,3171.0,3155.1,3165.45,3161.2,80.0713461627275,buy,11410831.0,11729039.133416077,1432316550.0,1707505190.0,1676172560.0,1737619290.0,83517.0,97578.1,95353.35,99026.0,1,4
18400.0,2021-05-26,17150.0,17450.0,17522.5,17390.0,-0.9527751227228858,0.30367674510964787,27.58906995089926,15.384615384615385,-2742.0,3914.8,2532.1,-6716.6,79.0,-2336.3,-1330.1,-2833.4,3168.0,3155.7,3164.8,3160.2,77.32633494041775,buy,11410831.0,11707821.69886535,1538149200.0,1639186380.0,1592072790.0,1564940730.0,89688.0,93706.8,90792.4,90279.8,2,4
18800.0,2021-05-27,18400.0,17570.0,17565.0,17480.0,-0.9964614941175963,0.08405052492951762,51.72604663393284,100.0,53865.0,8423.2,4883.45,6277.0,2361.0,-2109.6,-1177.75,-2379.6,3166.0,3160.1,3164.4,3161.0,77.86875676027641,buy,11730154.0,11709310.752061697,5875543200.0,2099316220.0,1760587702.5,2541141830.0,319323.0,118230.7,99621.1,143063.2,3,4
19000.0,2021-05-28,18800.0,17720.0,17605.0,17730.0,-0.9901811253363894,-0.13979033953589773,61.29562529218711,80.43478260869566,-14622.0,6356.3,5127.2,6830.4,-9658.0,-2737.2,-1641.85,-4350.6,3189.0,3163.7,3166.45,3167.6,81.79717246035517,buy,12037773.0,11731211.435368806,5783237200.0,2526126540.0,1958111562.5,3356564620.0,307619.0,140234.6,109911.05,185144.0,4,4
19100.0,2021-05-31,19000.0,17915.0,17692.5,18100.0,-0.6869969260351244,-0.7266603220338165,70.57389512232764,89.13043478260869,-1324.0,5978.0,4992.4,7514.6,181.0,-2117.5,-1635.45,-5233.4,3204.0,3170.6,3170.3,3179.6,84.43259418496797,buy,12176422.0,11760896.188023511,2634331000.0,2692089905.0,2017139200.0,3452715430.0,138649.0,148382.8,112629.65,187759.2,0,5
18500.0,2021-06-01,19100.0,18025.0,17770.0,18490.0,-0.508075345246997,-0.8613126282321332,76.3009640951572,87.75510204081633,-14798.0,1726.0,4045.6,4075.8,14.0,-2121.5,-1813.65,-1404.6,3222.0,3175.5,3174.05,3189.8,76.01607660943549,buy,12285365.0,11795865.22656095,2080811300.0,2660016835.0,2043898340.0,3582414380.0,108943.0,145935.2,113673.3,192844.4,1,1
18300.0,2021-06-02,18500.0,18075.0,17817.5,18760.0,-0.3036767451094905,-0.9527751227229359,71.95574477092113,63.26530612244898,-17499.0,-2796.1,2963.75,1124.4,-9649.0,-3091.8,-2475.0,-3350.2,3224.0,3180.6,3177.9,3201.0,74.0764174371146,buy,12159093.0,11820083.288571246,2336032000.0,2653465835.0,2083418515.0,3741990940.0,126272.0,145220.5,115583.4,200161.2,2,1
18400.0,2021-06-03,18300.0,18110.0,17862.5,18740.0,-0.08405052492935305,-0.9964614941176102,66.33784345272294,55.10204081632652,-966.0,-1782.4,2892.8,-9841.8,77.0,-3093.3,-2419.1,-3807.0,3247.0,3189.1,3181.3,3217.2,74.7598543610436,buy,12074642.0,11837055.751245445,1545453300.0,2708557395.0,2124427840.0,2875972960.0,84451.0,148125.0,117721.85,153186.8,3,1
19100.0,2021-06-04,18400.0,18195.0,17895.0,18660.0,0.13979033953516068,-0.9901811253364934,63.95312012494454,59.183673469387756,4041.0,360.6,2919.75,-6109.2,70.0,-3106.0,-2422.25,-1861.4,3240.0,3197.5,3183.45,3227.4,73.4571975760275,buy,12150435.0,11857949.863458756,1394591200.0,2677404190.0,2142158775.0,1998243760.0,75793.0,145982.8,118582.0,106821.6,4,1
18900.0,2021-06-07,19100.0,18390.0,17950.0,18680.0,0.7266603220339298,-0.6869969260350044,71.88711409690181,87.75510204081633,12209.0,2056.0,3490.1,-3402.6,483.0,-3517.2,-2252.5,-1801.0,3252.0,3208.3,3183.6,3237.0,68.2431587029094,buy,12319104.0,11888696.442345534,3221577900.0,2784204285.0,2245085070.0,2115693140.0,168669.0,150292.4,123784.75,112825.6,0,1
19100.0,2021-06-08,18900.0,18565.0,18015.0,18640.0,0.861312628232217,-0.5080753452468548,74.45535497616584,79.59183673469387,-11055.0,710.9,2630.8,-2654.0,884.0,-1515.8,-1922.0,-1627.0,3248.0,3216.0,3185.55,3242.2,69.04770423476864,buy,12221786.0,11910904.414900467,1839310200.0,2824903650.0,2266204420.0,2067392920.0,97318.0,151672.5,124625.3,110500.6,1,2
19350.0,2021-06-09,19100.0,18760.0,18105.0,18760.0,0.9527751227227098,-0.3036767451101997,75.23214141268198,76.78571428571429,4066.0,1391.7,2653.25,1659.0,482.0,-1475.5,-1905.9,399.2,3216.0,3220.8,3188.25,3240.6,67.29973486790178,buy,12456755.0,11947297.516016375,4487907900.0,3119879520.0,2379532950.0,2497768100.0,234969.0,166200.6,129953.7,132240.0,2,2
19700.0,2021-06-10,19350.0,18855.0,18212.5,18970.0,0.9964614941176241,-0.0840505249291885,78.72618951321657,85.71428571428571,-10160.0,-5010.8,1706.2,-179.8,6149.0,-1096.7,-1603.15,1613.6,3225.0,3226.7,3193.4,3236.2,69.82854997969454,buy,12634831.0,11993136.681388147,3445770600.0,2876902260.0,2488109240.0,2877831560.0,178076.0,152075.9,135153.3,150965.0,3,2
19500.0,2021-06-11,19700.0,18945.0,18332.5,19230.0,0.9901811253364703,0.13979033953532422,76.92857078658882,73.33333333333333,43240.0,775.4,3565.85,7660.0,-634.0,-194.3,-1465.75,1472.8,3249.0,3232.7,3198.2,3238.0,61.65019288553167,buy,13400865.0,12086992.115109349,15090869800.0,3807665520.0,3166896030.0,5617087280.0,766034.0,197917.4,169076.0,289013.2,4,2
18750.0,2021-06-14,19500.0,18995.0,18455.0,19310.0,0.6869969260348844,0.7266603220340433,73.95238052439255,68.0,-15860.0,-678.2,2649.9,2046.2,-11590.0,-1371.4,-1744.45,-941.8,3252.0,3237.5,3204.05,3238.0,74.78249202390161,buy,13224461.0,12162828.561982125,3439878000.0,3888220220.0,3290155062.5,5660747300.0,176404.0,201692.9,175037.85,290560.2,0,2
18750.0,2021-06-15,18750.0,18960.0,18492.5,19280.0,0.5080753452467125,0.8613126282323009,65.3015870162617,48.0,-15934.0,-791.8,467.1,1070.4,-11855.0,-2558.3,-2339.9,-3489.6,3259.0,3241.2,3208.35,3240.2,69.2006765757406,buy,13017689.0,12219822.896836253,3876975000.0,4067836590.0,3363926712.5,6068280260.0,206772.0,211475.8,178705.5,312451.0,1,3
19650.0,2021-06-16,18750.0,18985.0,18530.0,19210.0,0.3036767451100424,0.95277512272276,51.377528599076435,23.52941176470588,-2756.0,682.5,-1056.8,-294.0,2906.0,-1302.8,-2197.3,-3004.8,3279.0,3246.7,3213.65,3252.8,68.1252587867501,buy,13017689.0,12273017.140313921,1055268750.0,3939760265.0,3296613050.0,5381752430.0,56281.0,204476.7,174848.6,276713.4,2,3
19700.0,2021-06-17,19650.0,19120.0,18615.0,19270.0,0.08405052492902394,0.996461494117638,53.85952886997253,58.82352941176471,4872.0,1266.3,-258.05,2712.4,13990.0,88.5,-1502.4,-1436.6,3265.0,3248.5,3218.8,3260.8,62.64012242749284,buy,13193563.0,12334390.277798487,3455924100.0,4130807345.0,3419682370.0,5383783130.0,175874.0,213619.0,180872.0,276273.0,3,3
20250.0,2021-06-18,19700.0,19250.0,18722.5,19270.0,-0.13979033953548772,0.9901811253364472,56.16779048847841,60.78431372549019,-9839.0,-121.7,119.45,-7903.4,10029.0,1084.4,-1010.8,696.0,3268.0,3251.3,3224.4,3264.6,68.78505148570254,buy,13371523.0,12403536.048701907,3505812000.0,4341929425.0,3509666807.5,3066771570.0,177960.0,223835.7,184909.25,158658.2,4,3
20150.0,2021-06-21,20250.0,19365.0,18877.5,19420.0,-0.7266603220335319,0.6869969260354253,64.89617405114247,82.35294117647058,16467.0,304.1,1180.05,-1438.0,14313.0,2467.4,-524.9,5876.6,3241.0,3250.2,3229.25,3262.4,73.91372586826682,buy,13737083.0,12492443.486374157,7402590000.0,4760030635.0,3772117460.0,3859313970.0,365560.0,243524.8,196908.6,196489.4,0,3
21300.0,2021-06-22,20150.0,19490.0,19027.5,19700.0,-0.8613126282323849,0.5080753452465703,69.40790688376818,78.43137254901961,-18059.0,-396.3,157.3,-1863.0,4075.0,2786.5,635.35,9062.6,3264.0,3251.8,3233.9,3263.4,76.31785320808024,buy,13504949.0,12559946.906468295,4677500100.0,5043849625.0,3934376637.5,4019418990.0,232134.0,257006.4,204339.45,201561.8,1,4
20800.0,2021-06-23,21300.0,19710.0,19235.0,20210.0,-0.9527751227228102,0.303676745109885,76.27193792251212,90.0,64093.0,5606.4,3499.05,11506.8,48869.0,7625.2,3074.85,18255.2,3276.0,3257.8,3239.3,3262.8,72.12631387931452,buy,14313947.0,12676885.181479273,17231657400.0,6318224575.0,4719052047.5,7254696720.0,808998.0,314409.3,240304.95,352105.2,2,4
20400.0,2021-06-24,20800.0,19855.0,19355.0,20440.0,-0.9964614941175755,0.08405052492976567,75.4633432303927,73.84615384615385,-58275.0,794.9,-2107.95,-1122.6,-11223.0,5888.0,2395.65,13212.6,3286.0,3263.9,3245.3,3267.0,80.04952719410518,buy,14029500.0,12767063.054985505,5916497600.0,6565297275.0,4721099767.5,7746811420.0,284447.0,325046.4,238561.15,373819.8,3,4
21000.0,2021-06-25,20400.0,19925.0,19435.0,20580.0,-0.9901811253364242,-0.13979033953565123,69.98102663446944,59.01639344262295,2656.0,-3263.5,-1244.05,1376.4,-6650.0,5286.4,2546.05,9876.8,3303.0,3269.3,3251.0,3274.0,72.88742416432237,buy,13807056.0,12836398.467152027,4537857600.0,5509996055.0,4658830787.5,7953220540.0,222444.0,270687.4,234302.4,382716.6,4,4
21050.0,2021-06-28,21000.0,20075.0,19535.0,20730.0,-0.6869969260353053,-0.7266603220336454,72.88352595303428,78.68852459016394,8745.0,-803.0,-740.6,-168.0,-10236.0,5421.8,2025.2,4967.0,3302.0,3274.3,3255.9,3286.2,70.35325498076965,buy,14034844.0,12916297.577719478,4783548000.0,5644363055.0,4766291637.5,7429412140.0,227788.0,275825.8,238759.35,355162.2,0,4
21050.0,2021-06-29,21050.0,20305.0,19632.5,20910.0,-0.5080753452472114,-0.8613126282320066,75.36497358617585,80.32786885245902,-14846.0,-694.2,-743.0,474.6,107.0,6618.0,2029.85,4173.4,3287.0,3277.1,3259.15,3290.8,70.4388805855888,buy,14208492.0,13002446.631635413,3655290400.0,5622194595.0,4845015592.5,7224970200.0,173648.0,272513.4,241994.6,343465.0,1,5
23250.0,2021-06-30,21050.0,20535.0,19760.0,20860.0,-0.3036767451097277,-0.9527751227228602,77.01927200827025,80.32786885245902,5284.0,109.8,396.15,-11287.2,994.0,6426.8,2562.0,-5401.6,3297.0,3278.9,3262.8,3295.0,70.26145470411373,buy,14208492.0,13082852.059662677,2407867400.0,5757454460.0,4848607362.5,4260212200.0,114388.0,278324.1,241400.4,204543.0,2,5
24100.0,2021-07-01,23250.0,20895.0,20007.5,21350.0,-0.0840505249296011,-0.9964614941175893,79.27410926677476,83.78378378378379,124509.0,12073.5,6669.9,25269.6,58008.0,10828.6,5458.55,8444.6,3282.0,3280.6,3264.55,3294.2,60.78014514237076,buy,16381859.0,13302791.99180925,50530782750.0,10464940325.0,7297873835.0,13183069230.0,2173367.0,478073.4,345846.2,582327.0,3,1
23400.0,2021-07-02,24100.0,21335.0,20292.5,22090.0,0.13979033953581477,-0.9901811253364011,85.01314886790833,96.49122807017544,3343.0,13391.7,6635.0,25407.0,20056.0,11831.3,6457.85,13785.8,3282.0,3282.0,3266.65,3290.0,80.10160525767613,buy,17115012.0,13556946.610325838,17668987300.0,11881257855.0,8111593640.0,15809295170.0,733153.0,533592.7,378714.2,684468.8,4,1
24900.0,2021-07-05,23400.0,21650.0,20507.5,22570.0,0.7266603220337589,-0.6869969260351854,74.6529606684932,53.93258426966292,-43101.0,7434.9,3869.5,15037.8,-105373.0,-137.3,1165.05,-5241.6,3293.0,3287.2,3268.7,3288.2,68.35490989901649,buy,14952337.0,13649974.897189898,50606595000.0,16201658355.0,10480844495.0,24973904570.0,2162675.0,713304.2,478414.5,1071446.2,0,1
23900.0,2021-07-06,24900.0,22125.0,20807.5,23340.0,0.8613126282320905,-0.5080753452470692,73.36414606363967,70.78651685393258,41215.0,13362.3,6483.0,26250.0,32155.0,2670.7,2728.6,1168.0,3305.0,3291.3,3271.55,3291.8,78.25087929105347,buy,16010435.0,13807342.473611686,26346640200.0,18368572365.0,11706210995.0,29512174530.0,1058098.0,795900.6,526453.5,1248336.2,1,1
23150.0,2021-07-07,23900.0,22385.0,21047.5,23910.0,0.9527751227229104,-0.3036767451095703,68.04158061047379,57.396449704142015,-38465.0,3106.5,4356.45,17500.2,2322.0,-1984.0,2820.6,1433.6,3285.0,3292.2,3275.0,3289.4,67.79680380843531,buy,15428916.0,13915449.664086003,13898304100.0,18035237035.0,12176730805.0,31810261870.0,581519.0,773152.7,543781.0,1341762.4,2,1
23050.0,2021-07-08,23150.0,22620.0,21237.5,23890.0,0.9964614941176032,-0.08405052492943656,61.01146024438089,46.95121951219512,24693.0,11403.3,6099.1,-2463.0,-10456.0,-1907.3,1990.35,-12259.2,3253.0,3288.9,3276.4,3283.6,62.72570421826263,buy,15059185.0,13991700.193145586,8559272650.0,18299514540.0,12432405907.5,23415959850.0,369731.0,781681.1,553363.75,981035.2,3,2
22350.0,2021-07-09,23050.0,22885.0,21405.0,23680.0,0.9901811253365052,0.13979033953507772,54.49009630327148,41.44736842105263,7522.0,11889.9,4313.2,-1627.2,10331.0,-209.2,2538.6,-14204.2,3218.0,3280.4,3274.85,3270.8,58.88997259928509,buy,14724953.0,14040584.615134638,7704047600.0,18616133540.0,12063064797.5,21422971910.0,334232.0,792859.9,531773.65,901251.0,4,2
22100.0,2021-07-12,22350.0,23020.0,21547.5,23470.0,0.6869969260350652,0.7266603220338723,46.617558609339824,30.87248322147651,-9672.0,10048.2,4622.6,5058.6,-71182.0,-6303.8,-441.0,-7366.0,3246.0,3274.8,3274.55,3261.4,58.09275962177276,buy,14469930.0,14069208.133478642,5699764050.0,18707755145.0,12176059100.0,12441605720.0,255023.0,795583.4,535704.6,519720.6,0,2
22000.0,2021-07-13,22100.0,23125.0,21715.0,22910.0,0.508075345246927,0.8613126282321745,40.25063191405653,27.516778523489933,-12457.0,10287.1,4796.45,-5675.8,-5203.0,-6834.8,-108.4,-14837.6,3271.0,3273.2,3275.15,3254.6,52.94454384699928,buy,14313021.0,14085462.585709963,3467688900.0,18688994995.0,12155594795.0,7865815460.0,156909.0,793909.5,533211.45,339482.8,1,2
22950.0,2021-07-14,22000.0,23220.0,21877.5,22530.0,0.30367674511027953,0.9527751227226844,35.55858682413612,26.174496644295303,13597.0,11118.4,5614.1,4736.6,-4562.0,-7390.4,-481.8,-16214.4,3265.0,3270.0,3274.45,3250.6,53.58822762170447,buy,14124285.0,14088050.785470415,4152192000.0,18863427455.0,12310440957.5,5916593040.0,188736.0,801344.3,539834.2,260926.2,2,2
23700.0,2021-07-15,22950.0,23190.0,22042.5,22490.0,0.084050524929272,0.9964614941176171,36.40413724783678,38.095238095238095,-16853.0,-3017.8,4527.85,-3572.6,-2097.0,-13400.9,-1286.15,-14542.6,3286.0,3270.4,3275.5,3257.2,55.761612445072295,buy,14448919.0,14112109.003122112,7450350300.0,14555384210.0,12510162267.5,5694808570.0,324634.0,616471.0,547272.2,251906.8,3,3
23500.0,2021-07-16,23700.0,23150.0,22242.5,22620.0,-0.13979033953524123,0.9901811253364821,39.377338500955936,45.32374100719424,-19001.0,-5252.2,4069.75,-8877.2,-7721.0,-16178.6,-2173.65,-18153.0,3277.0,3269.9,3275.95,3269.0,56.34602575610078,buy,14685806.0,14150355.96914515,5614221900.0,13349907670.0,12615582762.5,5276843430.0,236887.0,566844.4,550218.55,232437.8,4,3
23000.0,2021-07-19,23500.0,23160.0,22405.0,22850.0,-0.7266603220339858,0.6869969260349453,40.12017213932342,41.605839416058394,-13911.0,-2333.2,2550.85,-9725.0,-876.0,-5728.9,-2933.1,-4091.8,3244.0,3265.0,3276.1,3268.6,55.82366414072829,buy,14498316.0,14173553.587332452,4406015000.0,8729849670.0,12465754012.5,5018093620.0,187490.0,369325.9,541315.05,218931.2,0,3
23150.0,2021-07-20,23000.0,22970.0,22547.5,23030.0,-0.8613126282322584,0.5080753452467848,35.48995082512272,26.229508196721312,770.0,-6377.7,3492.3,-7079.6,-1114.0,-9055.8,-3192.55,-3274.0,3233.0,3257.8,3274.55,3261.0,55.273173907834106,buy,14327978.0,14183848.66531495,3917774000.0,6486963050.0,12427767707.5,5108110640.0,170338.0,280549.9,538225.25,221617.0,1,3
23000.0,2021-07-21,23150.0,22895.0,22640.0,23260.0,-0.9527751227227346,0.3036767451101222,32.417029363641134,26.27118644067797,654.0,-2465.8,320.35,-9668.2,631.0,-9224.9,-5604.45,-2235.4,3216.0,3250.9,3271.55,3251.2,40.13977228027353,sell,14440670.0,14200970.269450517,2608819800.0,5358014620.0,11696625827.5,4799436200.0,112692.0,233667.2,503409.95,206408.2,2,3
23100.0,2021-07-22,23000.0,22880.0,22750.0,23270.0,-0.996461494117631,0.08405052492910745,29.5209574288681,23.728813559322035,-16353.0,-6570.4,2416.45,-9568.2,-5420.0,-8721.3,-5314.3,-2900.0,3250.0,3250.6,3269.75,3244.0,44.193876416454245,sell,14303509.0,14207806.25257569,3154703000.0,4817557655.0,11558536097.5,3940306740.0,137161.0,210410.2,496045.65,168913.6,3,4
22850.0,2021-07-23,23100.0,22885.0,22885.0,23150.0,-0.990181125336459,-0.13979033953540476,31.875760237131583,36.58536585365854,7133.0,-6609.3,2640.3,-4341.4,-131.0,-9767.5,-4988.35,-1382.0,3254.0,3254.2,3267.3,3239.4,15.26533401615906,sell,14420548.0,14221989.166940367,2703600900.0,4317512985.0,11466823262.5,3358182540.0,117039.0,188690.9,490775.4,144944.0,4,4
22050.0,2021-07-26,22850.0,22935.0,22977.5,23020.0,-0.6869969260348253,-0.7266603220340992,32.361617935865496,33.33333333333333,-11948.0,-6836.9,1605.65,-3948.8,873.0,-2562.0,-4432.9,-1032.2,3225.0,3252.1,3263.45,3235.6,20.05081014343999,sell,14282990.0,14226055.924256984,3143200300.0,4061856610.0,11384805877.5,3105619600.0,137558.0,176944.4,486263.9,134957.6,0,4
22850.0,2021-07-27,22050.0,22930.0,23027.5,22830.0,-0.5080753452466424,-0.8613126282323422,27.34364272647443,17.307692307692307,10531.0,-4538.1,2874.5,-1996.6,-6920.0,-2733.7,-4784.25,-2193.4,3233.0,3248.3,3260.75,3235.6,28.61734734346595,sell,14072556.0,14215822.513507659,4640069700.0,4179094690.0,11434044842.5,3250078740.0,210434.0,182296.9,488103.2,142976.8,1,4
23150.0,2021-07-28,22850.0,23015.0,23117.5,22770.0,-0.30367674510996484,-0.9527751227227846,34.254736176623986,48.07692307692308,-5008.0,-6398.6,2359.9,-3129.0,-6574.0,-2934.9,-5162.65,-3634.4,3237.0,3245.5,3257.75,3239.8,38.53165134121075,sell,14363209.0,14225648.353176203,6641421050.0,4428017595.0,11645722525.0,4056598990.0,290653.0,192488.6,496916.45,178569.0,2,4
22000.0,2021-07-29,23150.0,23035.0,23112.5,22800.0,-0.08405052492984916,-0.9964614941175683,32.230430178355384,28.18181818181818,-106649.0,-15378.2,-9198.0,-21188.2,-38529.0,-6578.1,-9989.5,-10256.2,3243.0,3241.2,3255.8,3238.4,50.58135344363339,buy,17095544.0,14416976.072716046,63253555250.0,10008338090.0,12281861150.0,16076369440.0,2732335.0,433258.7,524864.85,697603.8,3,5
21300.0,2021-07-30,22000.0,22865.0,23007.5,22580.0,0.13979033953556827,-0.9901811253364359,23.911195876479344,7.2727272727272725,21549.0,-11323.2,-8287.7,-18305.0,-2765.0,-6082.5,-11130.55,-10783.0,3202.0,3233.7,3251.8,3228.0,80.84615947767439,buy,16576421.0,14560940.011094986,11420706000.0,10588986500.0,11969447085.0,17819790460.0,519123.0,461482.3,514163.35,778020.6,4,5
20950.0,2021-08-02,21300.0,22645.0,22902.5,22270.0,0.7266603220342127,-0.6869969260347053,15.940797250986229,0.0,-2858.0,-10217.9,-6275.55,-16487.0,4382.0,-5556.7,-5642.8,-10081.2,3223.0,3231.6,3248.3,3227.6,75.6704091856437,buy,16294986.0,14676543.783943404,5994565500.0,10747841550.0,9738845610.0,18390063500.0,281435.0,470876.8,420101.35,806796.0,0,1
21200.0,2021-08-03,20950.0,22440.0,22705.0,22050.0,0.8613126282324262,-0.5080753452465002,11.929281500657487,3.90625,37791.0,-6515.8,-6446.75,-11035.0,-32.0,-5448.5,-7252.15,-8703.6,3237.0,3232.0,3244.9,3228.4,71.31761401911656,buy,16079686.0,14770087.13223353,4510535000.0,10807117650.0,8647040350.0,18364156560.0,215300.0,475373.0,377961.45,807769.2,1,1
21250.0,2021-08-04,21200.0,22245.0,22570.0,21720.0,0.9527751227228348,-0.3036767451098075,10.557021000438324,7.8125,-4728.0,-7054.0,-4759.9,-10979.0,1702.0,-5341.4,-7283.15,-7048.4,3280.0,3238.4,3244.65,3237.0,67.06144193171241,buy,16187116.0,14864556.226643227,2277516000.0,10773987270.0,8066000945.0,17491375550.0,107430.0,474846.8,354257.0,771124.6,2,1
21950.0,2021-08-05,21250.0,22070.0,22475.0,21340.0,0.9964614941175823,-0.08405052492968461,9.902597333625549,8.59375,-9110.0,-6329.7,-6450.05,8528.8,-1171.0,-4916.5,-6818.9,423.2,3276.0,3241.0,3245.8,3243.6,68.85708736712576,buy,16331857.0,14962376.764539806,3075746250.0,10766091595.0,7791824625.0,5455813750.0,144741.0,475604.8,343007.5,253605.8,3,1
21800.0,2021-08-06,21950.0,21955.0,22420.0,21330.0,0.9901811253364128,0.13979033953573178,13.112148222417034,19.53125,10991.0,-5943.9,-6276.6,6417.2,-49.0,-4908.3,-7337.9,966.4,3270.0,3242.6,3248.4,3257.2,72.17351196896318,buy,16447856.0,15061409.173110763,2546178050.0,10750349310.0,7533931147.5,3680908160.0,115999.0,475500.8,332095.85,172981.0,4,1
22150.0,2021-08-09,21800.0,21850.0,22392.5,21430.0,0.6869969260352462,0.7266603220337012,14.470598814944688,17.1875,-12522.0,-6001.3,-6419.1,4484.4,616.0,-4934.0,-3748.0,213.2,3260.0,3246.1,3249.1,3264.6,73.03035030686686,buy,16348009.0,15147182.866384823,2176664600.0,10653695740.0,7357776175.0,2917327980.0,99847.0,471729.7,324337.05,136663.4,0,2
21500.0,2021-08-10,22150.0,21860.0,22395.0,21670.0,0.5080753452471414,0.861312628232048,17.199149209963124,22.65625,19403.0,-5114.1,-4826.1,806.8,234.0,-4218.6,-3476.15,266.4,3243.0,3247.1,3247.7,3265.8,73.29018188916909,buy,16555906.0,15241098.121585155,4604918550.0,10650180625.0,7414637657.5,2936204690.0,207897.0,471476.0,326886.45,135182.8,1,2
21400.0,2021-08-11,21500.0,21725.0,22370.0,21730.0,0.3036767451096502,0.952775122722885,15.632766139975416,12.5,-3647.0,-4978.0,-5688.3,1023.0,996.0,-3461.6,-3198.25,125.2,3221.0,3245.5,3245.5,3254.0,73.60525995453119,buy,16400460.0,15318389.205078432,3342089000.0,10320247420.0,7374132507.5,3149119290.0,155446.0,457955.3,325221.95,144786.0,2,2
20850.0,2021-08-12,21400.0,21550.0,22292.5,21760.0,0.08405052492952005,0.9964614941175962,14.067677426650278,10.9375,126.0,5699.5,-4839.35,2870.2,587.0,450.0,-3064.05,476.8,3208.0,3242.0,3241.6,3240.4,73.20496099309975,buy,16279599.0,15382470.08371617,2586425400.0,4253534435.0,7130936262.5,3051255120.0,120861.0,196807.9,315033.3,140010.0,3,2
20850.0,2021-08-13,20850.0,21435.0,22150.0,21540.0,-0.13979033953499476,0.9901811253365168,10.159701617766851,2.34375,-5033.0,3041.3,-4140.95,-334.6,8119.0,1538.4,-2272.05,2110.4,3171.0,3238.9,3236.3,3220.6,70.94003739543474,buy,16102037.0,15430441.36912478,3702167700.0,3481680605.0,7035333552.5,3282453050.0,177562.0,162651.8,312067.05,152322.6,4,2
20550.0,2021-08-16,20850.0,21390.0,22017.5,21350.0,-0.7266603220338147,0.6869969260351262,7.554384411844567,2.34375,-5033.0,2823.8,-3697.05,1163.2,8119.0,1912.1,-1822.3,3611.0,3171.0,3233.7,3232.65,3202.8,70.70536594946371,buy,16102037.0,15475214.548519267,3702167700.0,3252440825.0,7000141187.5,3587553670.0,177562.0,152264.5,311570.65,167865.6,0,3
20750.0,2021-08-17,20550.0,21350.0,21895.0,21030.0,-0.8613126282321318,0.5080753452469992,5.537509407395125,1.5037593984962405,4350.0,-520.3,-3518.05,-1847.4,-672.0,1848.1,-1800.2,3429.8,3143.0,3224.3,3228.15,3182.8,70.00000153188765,buy,15926473.0,15505298.531411588,3607840200.0,3162171345.0,6984644497.5,3388138000.0,175564.0,148290.9,311831.95,161399.0,1,3
20150.0,2021-08-18,20750.0,21305.0,21775.0,20880.0,-0.952775122722659,0.3036767451103594,12.515202350028124,26.47058823529412,10559.0,1008.4,-3022.8,993.8,-107.0,1667.2,-1837.1,3209.2,3159.0,3212.2,3225.3,3170.4,28.119043375400352,sell,16058325.0,15542167.061164435,2735929000.0,3208012645.0,6990999957.5,3266906000.0,131852.0,150733.1,312789.95,156680.2,2,3
19100.0,2021-08-19,20150.0,21195.0,21632.5,20630.0,-0.9964614941176101,0.0840505249293555,11.979831869715719,10.909090909090908,2889.0,2208.3,-2060.7,1546.4,175.0,1801.8,-1557.35,3126.8,3098.0,3194.4,3217.7,3148.4,33.697395311513816,sell,15899686.0,15566001.716527807,3196575850.0,3220095605.0,6993093600.0,3388936090.0,158639.0,152122.9,313863.85,164235.8,3,3
20400.0,2021-08-20,19100.0,20910.0,21432.5,20280.0,-0.9901811253364937,-0.13979033953515826,9.788356381612282,5.405405405405405,-21613.0,-1052.1,-3498.0,-1769.6,-25.0,1804.2,-1552.05,1498.0,3061.0,3173.5,3208.05,3126.4,43.661839128829484,sell,15629236.0,15570217.345238378,5165595000.0,3482037300.0,7116193305.0,3681621550.0,270450.0,167568.0,321534.4,182813.4,4,3
20450.0,2021-08-23,20400.0,20770.0,21310.0,20190.0,-0.6869969260350062,-0.7266603220339282,20.039084434588368,40.54054054054054,30843.0,3284.4,-1358.45,5405.6,2132.0,1955.8,-1489.1,300.6,3090.0,3156.5,3201.3,3110.2,55.175827084150626,buy,15793454.0,15585099.821220662,3350047200.0,3599375560.0,7126535650.0,3611197450.0,164218.0,174005.1,322867.4,180144.6,0,4
20250.0,2021-08-24,20450.0,20600.0,21230.0,20170.0,-0.5080753452468569,-0.8613126282322158,27.323353587022876,41.891891891891895,26604.0,4004.5,-554.8,9856.4,-18.0,1930.6,-1144.0,431.4,3138.0,3146.0,3196.55,3109.2,53.902975057883346,buy,15890053.0,15605430.074361406,1975449550.0,3336428660.0,6993304642.5,3284719320.0,96599.0,162875.3,317175.65,164351.6,1,4
19950.0,2021-08-25,20250.0,20475.0,21100.0,20070.0,-0.30367674511020204,-0.9527751227227091,30.377731220177413,36.486486486486484,-7430.0,3626.2,-675.9,6258.6,-1671.0,1663.9,-898.85,118.6,3147.0,3138.6,3192.05,3106.8,48.081030844331465,sell,15813976.0,15619333.162381541,1540559250.0,3156275685.0,6738261552.5,3045645370.0,76077.0,154938.4,306446.85,153196.6,2,4
20700.0,2021-08-26,19950.0,20330.0,20940.0,20030.0,-0.08405052492919095,-0.996461494117624,29.71128027291107,28.37837837837838,3279.0,3941.5,4820.5,6336.6,-3279.0,1277.3,863.65,-572.2,3129.0,3130.7,3186.35,3113.0,49.19437931182858,sell,15703696.0,15624957.361490052,2200086000.0,3117641745.0,3685588090.0,2846347400.0,110280.0,153880.3,175344.1,143524.8,3,4
20100.0,2021-08-27,20700.0,20315.0,20875.0,20350.0,0.13979033953532177,-0.9901811253364706,36.02373639815693,48.64864864864865,-44197.0,25.1,1533.2,1819.8,-9649.0,-499.5,519.45,-2497.0,3134.0,3127.0,3182.95,3127.6,54.44668505325466,buy,16178612.0,15661867.731572045,9830761200.0,3730501095.0,3606090850.0,3779380640.0,474916.0,183615.7,173133.75,184418.0,4,4
20050.0,2021-08-30,20100.0,20240.0,20815.0,20290.0,0.7266603220340416,-0.6869969260348862,36.137036386650074,36.36363636363637,-34348.0,-2906.4,-41.3,-11218.4,-18763.0,-3187.7,-637.8,-6676.0,3144.0,3124.3,3179.0,3138.4,59.56760198114914,buy,15918116.0,15678950.975752061,5235969600.0,3883881285.0,3568161055.0,4156565120.0,260496.0,191909.1,172086.8,203673.6,0,5
20400.0,2021-08-31,20050.0,20190.0,20770.0,20210.0,0.8613126282322997,-0.5080753452467146,36.26066976041222,36.507936507936506,10851.0,-2256.3,-1388.3,-14369.0,-1894.0,-3309.9,-730.9,-7051.2,3199.0,3129.9,3177.1,3150.6,57.226955216766164,buy,15815619.0,15688062.190452807,2055064850.0,3728603750.0,3445387547.5,4172488180.0,102497.0,184602.4,166446.65,204853.2,1,5
21600.0,2021-09-01,20400.0,20155.0,20730.0,20240.0,0.9527751227227592,-0.3036767451100447,40.046795713290685,47.61904761904761,14456.0,-1866.6,-429.1,-9991.8,2938.0,-3005.4,-669.1,-6129.4,3207.0,3134.7,3173.45,3162.6,57.84720112706661,buy,15906927.0,15702653.19731256,1862683200.0,3641279170.0,3424645907.5,4236912970.0,91308.0,180548.0,165640.55,207899.4,2,1
20550.0,2021-09-02,21600.0,20300.0,20747.5,20570.0,0.9964614941175614,-0.08405052492993266,55.26929238028902,85.71428571428571,15143.0,-641.2,783.55,-7619.0,7629.0,-2260.0,-229.1,-3947.8,3176.0,3142.5,3168.45,3172.0,52.19104463328154,buy,16225991.0,15737542.42780358,6891782400.0,4010799825.0,3615447715.0,5175252250.0,319064.0,196590.5,174356.7,249656.2,3,1
20200.0,2021-09-03,20550.0,20445.0,20677.5,20540.0,0.9901811253364476,0.1397903395354853,54.30651238051015,52.38095238095239,-35953.0,-2075.2,-1563.65,-5970.2,-21785.0,-4436.0,-1315.9,-6375.0,3201.0,3156.5,3165.0,3185.4,55.07480748150457,buy,15925716.0,15750087.347263707,6170651250.0,4111305450.0,3796671375.0,4443230260.0,300275.0,199573.0,183570.5,214728.0,4,1
20750.0,2021-09-06,20200.0,20425.0,20597.5,20560.0,0.6869969260347661,0.7266603220341551,49.960955343620526,41.269841269841265,7119.0,-4447.6,-581.6,2323.2,-46902.0,-9339.4,-3691.8,-12002.8,3203.0,3167.8,3162.15,3197.2,52.309178953821664,buy,15793543.0,15752984.393936455,2669894600.0,4043290190.0,3821332875.0,3930015260.0,132173.0,196368.5,185186.8,189063.4,0,1
20100.0,2021-09-07,20750.0,20455.0,20527.5,20700.0,0.5080753452465724,0.8613126282323836,52.88402313913326,58.730158730158735,-3097.0,-7417.7,-1706.6,-466.4,2051.0,-9132.5,-3600.95,-11213.8,3187.0,3172.7,3159.35,3194.8,52.309223107887156,buy,15924103.0,15764392.312610129,2709120000.0,4116657235.0,3726542947.5,4060826290.0,130560.0,199764.6,181319.95,194676.0,1,1
19950.0,2021-09-08,20100.0,20440.0,20457.5,20640.0,0.30367674510988735,0.9527751227228094,47.95442812450154,38.095238095238095,-7741.0,-7448.8,-1911.3,-4905.8,-1707.0,-9136.1,-3736.1,-12142.8,3163.0,3174.3,3156.45,3186.0,46.60511973767566,sell,15791434.0,15766195.093480788,2666646900.0,4229266000.0,3692770842.5,4221619030.0,132669.0,205423.8,180181.1,202948.2,2,2
20100.0,2021-09-09,19950.0,20440.0,20385.0,20310.0,0.08405052492976811,0.9964614941175752,42.35213241086988,31.147540983606557,435.0,-7733.2,-1895.85,-7847.4,-4491.0,-9257.3,-3990.0,-14566.8,3115.0,3172.9,3151.8,3173.8,38.35060179519134,sell,15708454.0,15762345.683838196,1655451000.0,4174802500.0,3646222122.5,3174352750.0,82980.0,202693.8,178287.05,155731.4,3,2
19800.0,2021-09-10,20100.0,20380.0,20347.5,20220.0,-0.13979033953564882,0.9901811253364246,32.67919938502436,13.333333333333334,3048.0,-3008.7,-1491.8,-47.2,8505.0,-7441.9,-3970.7,-8508.8,3126.0,3172.1,3149.55,3158.8,39.65448335664528,sell,15782811.0,15763710.039377203,1494575700.0,3341183950.0,3535842522.5,2239137640.0,74357.0,162637.9,173126.8,110547.8,4,2
19950.0,2021-09-13,19800.0,20350.0,20295.0,20140.0,-0.7266603220342686,0.6869969260346462,23.20457263966163,4.25531914893617,-2314.0,194.7,-1355.85,-1933.8,-10292.0,-6594.8,-4891.25,-1186.8,3128.0,3170.5,3147.4,3143.8,40.06130471286128,sell,15674454.0,15757759.632159555,2145468600.0,3032133850.0,3458007567.5,2134252440.0,108357.0,147424.0,169666.55,105784.6,0,2
20000.0,2021-09-14,19950.0,20340.0,20265.0,19980.0,-0.8613126282324675,0.5080753452464302,19.015814383887896,10.638297872340425,13307.0,440.3,-908.0,1347.0,-476.0,-6453.0,-4881.45,-1692.2,3149.0,3165.5,3147.7,3136.2,44.06229521671552,sell,15746005.0,15756975.989451094,1427442450.0,2969371610.0,3348987680.0,1877916930.0,71551.0,144329.4,164465.9,93982.8,1,2
19850.0,2021-09-15,20000.0,20300.0,20227.5,19960.0,-0.9527751227228596,0.30367674510973003,16.932528738194765,12.76595744680851,4507.0,-554.6,-1210.6,3796.6,63.0,-6740.5,-4872.95,-1338.2,3153.0,3160.1,3147.4,3134.2,40.07357497156173,sell,15796182.0,15759589.725244954,1003540000.0,2883457290.0,3262368230.0,1545295550.0,50177.0,140216.3,160382.15,77484.4,2,3
19900.0,2021-09-16,19850.0,20125.0,20212.5,19940.0,-0.9964614941175891,0.08405052492960355,13.919931439498264,7.894736842105263,-11767.0,-3245.6,-1943.4,1356.2,-887.0,-7592.1,-4926.05,-617.4,3130.0,3155.5,3149.0,3137.2,23.393132535671654,sell,15739440.0,15758246.409385694,1126328700.0,2306911920.0,3158855872.5,1439471090.0,56742.0,113984.1,155287.3,72236.8,3,3
19900.0,2021-09-17,19900.0,20060.0,20252.5,19900.0,-0.9901811253365286,-0.13979033953491177,12.788726222823405,10.526315789473683,4257.0,775.4,-649.9,1598.0,-6063.0,-6019.9,-5227.95,-3531.0,3141.0,3149.5,3153.0,3140.2,29.631433891619324,sell,15785698.0,15760076.516498478,920534200.0,1781900215.0,2946602832.5,1324662790.0,46258.0,88582.4,144077.7,66617.0,4,3
19900.0,2021-09-20,19900.0,20030.0,20227.5,19920.0,-0.686996926035187,-0.7266603220337572,12.03458941170683,10.526315789473683,4257.0,489.2,-1979.2,2912.2,-6063.0,-1936.0,-5637.7,-2685.2,3141.0,3143.3,3155.55,3142.8,30.658589202080933,sell,15785698.0,15761784.616332263,920534200.0,1606964175.0,2825127182.5,1079675910.0,46258.0,79990.9,138179.7,54197.2,0,3
19900.0,2021-09-21,19900.0,19945.0,20200.0,19910.0,-0.508075345246288,-0.8613126282325514,11.531831537629115,10.526315789473683,4257.0,1224.6,-3096.55,1102.2,-6063.0,-2747.4,-5939.95,-3802.6,3141.0,3138.7,3155.7,3141.2,34.44674755166517,sell,15785698.0,15763378.842723453,920534200.0,1428105595.0,2772381415.0,978294260.0,46258.0,71560.7,135662.65,49138.6,1,3
19100.0,2021-09-22,19900.0,19925.0,20182.5,19890.0,-0.30367674510957265,-0.9527751227229097,11.291491295356346,10.81081081081081,4257.0,2424.4,-2512.2,1052.2,-6063.0,-3183.0,-6159.55,-5027.8,3141.0,3136.5,3155.4,3138.8,19.754693318020855,sell,15785698.0,15764866.787250401,920534200.0,1253494325.0,2741380162.5,961693100.0,46258.0,62919.6,134171.7,48354.8,2,4
18800.0,2021-09-23,19100.0,19840.0,20140.0,19740.0,-0.084050524929439,-0.996461494117603,9.194327530237564,5.0,4047.0,2785.6,-2473.8,4215.0,-6640.0,-3397.9,-6327.6,-6178.4,3128.0,3137.8,3155.35,3138.4,29.33346219457684,sell,15610306.0,15754562.73018768,3349987200.0,1422947945.0,2798875222.5,1406424800.0,175392.0,72160.8,137427.3,72084.8,3,4
18700.0,2021-09-24,18800.0,19710.0,20045.0,19520.0,0.1397903395350753,-0.9901811253365055,7.578827049143882,4.3478260869565215,-8406.0,1640.2,-684.25,1682.4,-372.0,-4285.6,-5863.75,-5040.2,3125.0,3137.7,3154.9,3135.2,44.28090564900843,sell,15511448.0,15738355.07478565,1858530400.0,1459343415.0,2400263682.5,1594024040.0,98858.0,74610.9,118624.4,82604.8,4,4
18750.0,2021-09-27,18700.0,19600.0,19975.0,19280.0,0.7266603220338707,-0.6869969260350671,5.885884699429255,2.5,-1581.0,1713.5,954.1,514.8,-134.0,-3269.8,-4932.3,-3854.4,3134.0,3138.3,3154.4,3133.8,46.02986673159855,sell,15460172.0,15719809.529286848,958861200.0,1340682675.0,2186408262.5,1601689440.0,51276.0,68902.8,108163.4,83608.4,0,4
18550.0,2021-09-28,18750.0,19480.0,19910.0,19050.0,0.8613126282321732,-0.5080753452469291,5.828685037714742,5.714285714285714,-8321.0,-449.3,-4.5,-2000.8,-5223.0,-3744.5,-5098.75,-3686.4,3098.0,3133.2,3149.35,3125.2,50.22900107047502,buy,15526722.0,15706937.022683138,1247812500.0,1322719680.0,2146045645.0,1667145100.0,66550.0,68402.7,106366.05,87666.8,1,4
18500.0,2021-09-29,18550.0,19335.0,19817.5,18780.0,0.9527751227226836,-0.30367674511028186,9.811715951069088,17.77777777777778,10155.0,115.5,-219.55,-821.2,3664.0,-3384.4,-5062.45,-1741.0,3060.0,3123.9,3142.0,3109.0,58.18314217625108,buy,15436953.0,15688938.081767567,1665214950.0,1388887175.0,2136172232.5,1816081250.0,89769.0,72361.9,106289.1,96369.0,2,5
17800.0,2021-09-30,18500.0,19200.0,19662.5,18660.0,0.9964614941176169,-0.08405052492927444,11.967500556526678,16.27906976744186,2088.0,1501.0,-872.3,-1213.0,32.0,-3292.5,-5442.3,-406.6,3069.0,3117.8,3136.65,3097.2,66.63381482684284,buy,15382121.0,15668483.603211462,1014392000.0,1377693505.0,1842302712.5,1348962210.0,54832.0,72170.9,93077.5,72257.0,3,5
